<?xml version="1.0" encoding="UTF-8"?>
<beans xmlns="http://www.springframework.org/schema/beans"
       xmlns:xsi="http://www.w3.org/2001/XMLSchema-instance"
       xmlns:context="http://www.springframework.org/schema/context"
       xmlns:aop="http://www.springframework.org/schema/aop"
       xmlns:tx="http://www.springframework.org/schema/tx"
       xsi:schemaLocation="http://www.springframework.org/schema/beans
	http://www.springframework.org/schema/beans/spring-beans.xsd
	http://www.springframework.org/schema/context
	http://www.springframework.org/schema/context/spring-context.xsd
	http://www.springframework.org/schema/aop
	http://www.springframework.org/schema/aop/spring-aop.xsd
	http://www.springframework.org/schema/tx
	http://www.springframework.org/schema/tx/spring-tx.xsd">


    <!-- Shiro Filter -->
	<bean id="shiroFilter" class="org.apache.shiro.spring.web.ShiroFilterFactoryBean">
		<property name="securityManager" ref="securityManager" />
		<!-- 设定用户的登录链接，这里为cas登录页面的链接地址可配置回调地址 -->
		<property name="loginUrl" value="${shiro.loginUrl}" />
		<property name="filters">
			<map>
				<!-- 添加casFilter到shiroFilter -->
				<entry key="casFilter" value-ref="casFilter" />
				<entry key="logoutFilter" value-ref="logoutFilter" />
			</map>
		</property>
		<property name="filterChainDefinitions">
			<value>
				#这里相当于ini配置文件中的[urls]
                #url=拦截器[参数]，拦截器
				/shiro-cas = casFilter
				/logout = logoutFilter
				/users/** = user
                # /techer/** = authc, perms[document:read]
                # 如果用户没有该角色，然后访问该 路径 会报 401错误

                /admin/** = authc, roles[admin]
                /techer/** = authc, roles[teacher]
                /student/** = authc, roles[student]
				<!-- /student/** = authc,perms[student:query] -->
				
				#swagger
				/swagger-resources/**= anon
				/webjars/**= anon
                /v2/**= anon
                /swagger-ui.html= anon
				
                # 配置静态资源可以匿名访问
                /css/** = anon
                /js/** = anon
                /images/** = anon
                /fonts/** = anon
                /logout/** = anon

                # 除了上面静态资源 可以匿名访问，其他路径都需要登录访问
                /** = authc
			</value>
		</property>
	</bean>

	<bean id="casFilter" class="org.apache.shiro.cas.CasFilter">
		<!-- 配置验证错误时的失败页面 -->
		<property name="failureUrl" value="${shiro.failureUrl}" />
		<property name="successUrl" value="${shiro.successUrl}" />
	</bean>

	<bean id="logoutFilter" class="org.apache.shiro.web.filter.authc.LogoutFilter">
		<!-- 配置验证错误时的失败页面 -->
		<property name="redirectUrl" value="${shiro.logoutUrl}" />
	</bean>

	<bean id="casRealm" class="com.system.realm.UserRealm">
		<!-- 认证通过后的默认角色 -->
		<property name="defaultRoles" value="admin" />
		<!-- cas服务端地址前缀 -->
		<property name="casServerUrlPrefix" value="${shiro.cas.serverUrlPrefix}" />
		<!-- 应用服务地址，用来接收cas服务端票据 -->
		<property name="casService" value="${shiro.cas.service}" />
	</bean>

	<!-- Shiro's main business-tier object for web-enabled applications -->
	<bean id="securityManager" class="org.apache.shiro.web.mgt.DefaultWebSecurityManager">
		<!-- <property name="sessionManager" ref="sessionManager" /> -->
		<property name="subjectFactory" ref="casSubjectFactory"></property>
		<property name="realm" ref="casRealm" />
	</bean>

	<bean id="casSubjectFactory" class="org.apache.shiro.cas.CasSubjectFactory"></bean>

	<bean
		class="org.apache.shiro.spring.security.interceptor.AuthorizationAttributeSourceAdvisor">
		<property name="securityManager" ref="securityManager" />
	</bean>

	<bean id="lifecycleBeanPostProcessor" class="org.apache.shiro.spring.LifecycleBeanPostProcessor"></bean>

	<bean
		class="org.springframework.beans.factory.config.MethodInvokingFactoryBean">
		<property name="staticMethod"
			value="org.apache.shiro.SecurityUtils.setSecurityManager"></property>
		<property name="arguments" ref="securityManager"></property>
	</bean>

</beans>