<?xml version="1.0" encoding="UTF-8"?>
<beans xmlns="http://www.springframework.org/schema/beans"
       xmlns:xsi="http://www.w3.org/2001/XMLSchema-instance"
       xmlns:context="http://www.springframework.org/schema/context"
       xmlns:aop="http://www.springframework.org/schema/aop"
       xmlns:tx="http://www.springframework.org/schema/tx"
       xsi:schemaLocation="http://www.springframework.org/schema/beans
	http://www.springframework.org/schema/beans/spring-beans.xsd
	http://www.springframework.org/schema/context
	http://www.springframework.org/schema/context/spring-context.xsd
	http://www.springframework.org/schema/aop
	http://www.springframework.org/schema/aop/spring-aop.xsd
	http://www.springframework.org/schema/tx
	http://www.springframework.org/schema/tx/spring-tx.xsd">

	<!-- 配置自动识别注解 -->
   	<context:component-scan base-package="com.system" >
		 <context:include-filter type="annotation" expression="org.springframework.stereotype.Service"/>
		<context:exclude-filter type="annotation" expression="org.springframework.stereotype.Controller"/> 
	</context:component-scan>

	<!--加载数据库配置文件-->
    <bean id="propertyConfigurer" class="org.springframework.beans.factory.config.PropertyPlaceholderConfigurer">
	      <property name="locations">
	           <list>
				  <value>classpath:database.properties</value>
				  <value>classpath:redis.properties</value>
				  <value>classpath:shiro.properties</value>
	          </list>
	      </property>
    </bean>
    
    <!-- cms数据中心  -->
	<import resource="datasource-cms.xml" />
	
	<!-- 后台管理系统数据中心 -->
	 <import resource="datasource-manage.xml" /> 
	
	<!-- 互动交流数据中心 -->
	<!-- <import resource="datasource-interaction.xml" /> -->
	
	<!-- shiro 配置-->
	<import resource="shiro.xml" /> 
	<!-- redis配置 -->
	<import resource="spring-redis.xml" /> 


</beans>