<?xml version="1.0" encoding="UTF-8"?>
<beans xmlns="http://www.springframework.org/schema/beans"
       xmlns:xsi="http://www.w3.org/2001/XMLSchema-instance"
       xmlns:context="http://www.springframework.org/schema/context"
       xmlns:aop="http://www.springframework.org/schema/aop"
       xmlns:tx="http://www.springframework.org/schema/tx"
       xsi:schemaLocation="http://www.springframework.org/schema/beans
	http://www.springframework.org/schema/beans/spring-beans.xsd
	http://www.springframework.org/schema/context
	http://www.springframework.org/schema/context/spring-context.xsd
	http://www.springframework.org/schema/aop
	http://www.springframework.org/schema/aop/spring-aop.xsd
	http://www.springframework.org/schema/tx
	http://www.springframework.org/schema/tx/spring-tx.xsd">

	   <bean id="jedisPoolConfig" class="redis.clients.jedis.JedisPoolConfig">    
	     <property name="maxTotal" value="${redis.pool.maxTotal}" />    
	     <property name="maxIdle" value="${redis.pool.maxIdle}" />    
	     <property name="maxWaitMillis" value="${redis.pool.maxWaitMillis}"/>    
	     <property name="testOnBorrow" value="${redis.pool.testOnBorrow}" />    
	  </bean>   
	  
	  	<bean id="shardedJedisPool" class="redis.clients.jedis.ShardedJedisPool"  scope="singleton">  
	      <constructor-arg index="0" ref="jedisPoolConfig" />  
	      <constructor-arg index="1">  
	          <list>  
	              <bean class="redis.clients.jedis.JedisShardInfo">  
	                  <constructor-arg name="host" value="${redis.host}" />  
	              </bean>  
	          </list>  
	      </constructor-arg>  
	  </bean>  

</beans>