/*
Navicat Oracle Data Transfer
Oracle Client Version : 12.1.0.2.0

Source Server         : DTSMANAGE
Source Server Version : 110200
Source Host           : 110.185.100.222:1521
Source Schema         : DTSMANAGE

Target Server Type    : ORACLE
Target Server Version : 110200
File Encoding         : 65001

Date: 2018-10-30 16:34:58
*/


-- ----------------------------
-- Table structure for SYS_ITEMS
-- ----------------------------
DROP TABLE "DTSMANAGE"."SYS_ITEMS";
CREATE TABLE "DTSMANAGE"."SYS_ITEMS" (
"F_ID" VARCHAR2(50 BYTE) NOT NULL ,
"F_PARENTID" VARCHAR2(50 BYTE) NULL ,
"F_ENCODE" VARCHAR2(50 BYTE) NULL ,
"F_FULLNAME" VARCHAR2(50 BYTE) NULL ,
"F_ISTREE" NUMBER NULL ,
"F_LAYERS" NUMBER NULL ,
"F_SORTCODE" NUMBER NULL ,
"F_DELETEMARK" NUMBER DEFAULT 0  NULL ,
"F_ENABLEDMARK" NUMBER DEFAULT 1  NULL ,
"F_DESCRIPTION" VARCHAR2(500 BYTE) NULL ,
"F_CREATORTIME" DATE DEFAULT sysdate  NULL ,
"F_CREATORUSERID" VARCHAR2(50 BYTE) NULL ,
"F_LASTMODIFYTIME" DATE NULL ,
"F_LASTMODIFYUSERID" VARCHAR2(50 BYTE) NULL ,
"F_DELETETIME" DATE NULL ,
"F_DELETEUSERID" VARCHAR2(50 BYTE) NULL 
)
LOGGING
NOCOMPRESS
NOCACHE

;
COMMENT ON COLUMN "DTSMANAGE"."SYS_ITEMS"."F_PARENTID" IS '父级';
COMMENT ON COLUMN "DTSMANAGE"."SYS_ITEMS"."F_ENCODE" IS '编码';
COMMENT ON COLUMN "DTSMANAGE"."SYS_ITEMS"."F_FULLNAME" IS '名称';
COMMENT ON COLUMN "DTSMANAGE"."SYS_ITEMS"."F_ISTREE" IS '树型';
COMMENT ON COLUMN "DTSMANAGE"."SYS_ITEMS"."F_LAYERS" IS '层次';
COMMENT ON COLUMN "DTSMANAGE"."SYS_ITEMS"."F_SORTCODE" IS '排序码';
COMMENT ON COLUMN "DTSMANAGE"."SYS_ITEMS"."F_DELETEMARK" IS '删除标志';
COMMENT ON COLUMN "DTSMANAGE"."SYS_ITEMS"."F_ENABLEDMARK" IS '有效标志';
COMMENT ON COLUMN "DTSMANAGE"."SYS_ITEMS"."F_DESCRIPTION" IS '描述';
COMMENT ON COLUMN "DTSMANAGE"."SYS_ITEMS"."F_CREATORTIME" IS '创建日期';
COMMENT ON COLUMN "DTSMANAGE"."SYS_ITEMS"."F_CREATORUSERID" IS '创建用户主键';
COMMENT ON COLUMN "DTSMANAGE"."SYS_ITEMS"."F_LASTMODIFYTIME" IS '最后修改时间';
COMMENT ON COLUMN "DTSMANAGE"."SYS_ITEMS"."F_LASTMODIFYUSERID" IS '最后修改用户';
COMMENT ON COLUMN "DTSMANAGE"."SYS_ITEMS"."F_DELETETIME" IS '删除时间';
COMMENT ON COLUMN "DTSMANAGE"."SYS_ITEMS"."F_DELETEUSERID" IS '删除用户';

-- ----------------------------
-- Records of SYS_ITEMS
-- ----------------------------
INSERT INTO "DTSMANAGE"."SYS_ITEMS" VALUES ('6633255d545d4e2a8db3393657fb6acc', '123', '123213', 'dsf', '1', null, null, '0', '1', null, TO_DATE('2018-08-27 09:55:12', 'YYYY-MM-DD HH24:MI:SS'), null, null, '1', null, null);
INSERT INTO "DTSMANAGE"."SYS_ITEMS" VALUES ('ce8c60062f4f40f5a5536aa21a068c4f', null, '22133', '23132123', null, null, null, '0', '1', null, TO_DATE('2018-08-24 18:12:42', 'YYYY-MM-DD HH24:MI:SS'), null, null, '1', null, null);
INSERT INTO "DTSMANAGE"."SYS_ITEMS" VALUES ('4935dc67aca344e88a91520dfd2e6e31', null, null, '1111111', null, null, null, '0', '1', null, TO_DATE('2018-08-23 11:25:43', 'YYYY-MM-DD HH24:MI:SS'), null, null, '登录异常', null, null);

-- ----------------------------
-- Table structure for SYS_ITEMSDETAIL
-- ----------------------------
DROP TABLE "DTSMANAGE"."SYS_ITEMSDETAIL";
CREATE TABLE "DTSMANAGE"."SYS_ITEMSDETAIL" (
"F_ID" VARCHAR2(50 BYTE) NOT NULL ,
"F_ITEMID" VARCHAR2(50 BYTE) NULL ,
"F_PARENTID" VARCHAR2(50 BYTE) NULL ,
"F_ITEMCODE" VARCHAR2(50 BYTE) NULL ,
"F_ITEMNAME" VARCHAR2(50 BYTE) NULL ,
"F_SIMPLESPELLING" VARCHAR2(500 BYTE) NULL ,
"F_ISDEFAULT" NUMBER NULL ,
"F_LAYERS" NUMBER NULL ,
"F_SORTCODE" NUMBER NULL ,
"F_ENABLEDMARK" NUMBER DEFAULT 1  NULL ,
"F_ENABLEDDELETE" NUMBER DEFAULT 1  NULL ,
"F_DESCRIPTION" VARCHAR2(500 BYTE) NULL ,
"F_DELETEMARK" NUMBER DEFAULT 0  NULL ,
"F_CREATORTIME" DATE DEFAULT sysdate  NULL ,
"F_CREATORUSERID" VARCHAR2(50 BYTE) NULL ,
"F_LASTMODIFYTIME" DATE NULL ,
"F_LASTMODIFYUSERID" VARCHAR2(50 BYTE) NULL ,
"F_DELETETIME" DATE NULL ,
"F_DELETEUSERID" VARCHAR2(50 BYTE) NULL 
)
LOGGING
NOCOMPRESS
NOCACHE

;
COMMENT ON COLUMN "DTSMANAGE"."SYS_ITEMSDETAIL"."F_ITEMID" IS '主表主键';
COMMENT ON COLUMN "DTSMANAGE"."SYS_ITEMSDETAIL"."F_PARENTID" IS '父级';
COMMENT ON COLUMN "DTSMANAGE"."SYS_ITEMSDETAIL"."F_ITEMCODE" IS '编码';
COMMENT ON COLUMN "DTSMANAGE"."SYS_ITEMSDETAIL"."F_ITEMNAME" IS '名称';
COMMENT ON COLUMN "DTSMANAGE"."SYS_ITEMSDETAIL"."F_SIMPLESPELLING" IS '简拼';
COMMENT ON COLUMN "DTSMANAGE"."SYS_ITEMSDETAIL"."F_ISDEFAULT" IS '默认';
COMMENT ON COLUMN "DTSMANAGE"."SYS_ITEMSDETAIL"."F_LAYERS" IS '层次';
COMMENT ON COLUMN "DTSMANAGE"."SYS_ITEMSDETAIL"."F_SORTCODE" IS '排序码';
COMMENT ON COLUMN "DTSMANAGE"."SYS_ITEMSDETAIL"."F_ENABLEDMARK" IS '有效标志';
COMMENT ON COLUMN "DTSMANAGE"."SYS_ITEMSDETAIL"."F_DESCRIPTION" IS '描述';
COMMENT ON COLUMN "DTSMANAGE"."SYS_ITEMSDETAIL"."F_DELETEMARK" IS '删除标志';
COMMENT ON COLUMN "DTSMANAGE"."SYS_ITEMSDETAIL"."F_CREATORTIME" IS '创建日期';
COMMENT ON COLUMN "DTSMANAGE"."SYS_ITEMSDETAIL"."F_CREATORUSERID" IS '创建用户主键';
COMMENT ON COLUMN "DTSMANAGE"."SYS_ITEMSDETAIL"."F_LASTMODIFYTIME" IS '最后修改时间';
COMMENT ON COLUMN "DTSMANAGE"."SYS_ITEMSDETAIL"."F_LASTMODIFYUSERID" IS '最后修改用户';
COMMENT ON COLUMN "DTSMANAGE"."SYS_ITEMSDETAIL"."F_DELETETIME" IS '删除时间';
COMMENT ON COLUMN "DTSMANAGE"."SYS_ITEMSDETAIL"."F_DELETEUSERID" IS '删除用户';

-- ----------------------------
-- Records of SYS_ITEMSDETAIL
-- ----------------------------
INSERT INTO "DTSMANAGE"."SYS_ITEMSDETAIL" VALUES ('1', null, null, null, '12313', null, null, null, null, '1', '1', null, '0', TO_DATE('2018-08-23 10:52:01', 'YYYY-MM-DD HH24:MI:SS'), null, TO_DATE('2018-08-23 11:22:32', 'YYYY-MM-DD HH24:MI:SS'), '登录异常', TO_DATE('2018-08-23 11:43:58', 'YYYY-MM-DD HH24:MI:SS'), null);
INSERT INTO "DTSMANAGE"."SYS_ITEMSDETAIL" VALUES ('84c561f7a72642ff858756ca0f796e87', '4935dc67aca344e88a91520dfd2e6e31', null, null, '12321', null, null, null, null, '1', '1', null, '0', TO_DATE('2018-08-23 11:43:34', 'YYYY-MM-DD HH24:MI:SS'), null, null, '登录异常', null, null);

-- ----------------------------
-- Table structure for SYS_LOG
-- ----------------------------
DROP TABLE "DTSMANAGE"."SYS_LOG";
CREATE TABLE "DTSMANAGE"."SYS_LOG" (
"F_ID" VARCHAR2(50 BYTE) NOT NULL ,
"F_USERID" VARCHAR2(50 BYTE) NULL ,
"F_REALNAME" VARCHAR2(50 BYTE) NULL ,
"F_TYPE" VARCHAR2(50 BYTE) NULL ,
"F_IPADDRESS" VARCHAR2(50 BYTE) NULL ,
"F_IPADDRESSNAME" VARCHAR2(50 BYTE) NULL ,
"F_MODULEID" VARCHAR2(50 BYTE) NULL ,
"F_MODULENAME" VARCHAR2(50 BYTE) NULL ,
"F_RESULT" NUMBER DEFAULT 1  NULL ,
"F_DESCRIPTION" VARCHAR2(255 BYTE) NULL ,
"F_CREATORTIME" DATE DEFAULT sysdate  NULL ,
"F_CREATORUSERID" VARCHAR2(50 BYTE) NULL ,
"F_KEY" VARCHAR2(4000 BYTE) NULL 
)
LOGGING
NOCOMPRESS
NOCACHE

;
COMMENT ON COLUMN "DTSMANAGE"."SYS_LOG"."F_USERID" IS '用户id';
COMMENT ON COLUMN "DTSMANAGE"."SYS_LOG"."F_REALNAME" IS '姓名';
COMMENT ON COLUMN "DTSMANAGE"."SYS_LOG"."F_TYPE" IS '类型';
COMMENT ON COLUMN "DTSMANAGE"."SYS_LOG"."F_IPADDRESS" IS 'IP地址';
COMMENT ON COLUMN "DTSMANAGE"."SYS_LOG"."F_IPADDRESSNAME" IS 'IP所在城市';
COMMENT ON COLUMN "DTSMANAGE"."SYS_LOG"."F_MODULEID" IS '系统模块Id';
COMMENT ON COLUMN "DTSMANAGE"."SYS_LOG"."F_MODULENAME" IS '系统模块';
COMMENT ON COLUMN "DTSMANAGE"."SYS_LOG"."F_RESULT" IS '1成功0失败';
COMMENT ON COLUMN "DTSMANAGE"."SYS_LOG"."F_DESCRIPTION" IS '操作日志内容';
COMMENT ON COLUMN "DTSMANAGE"."SYS_LOG"."F_CREATORTIME" IS '创建时间';
COMMENT ON COLUMN "DTSMANAGE"."SYS_LOG"."F_CREATORUSERID" IS '创建用户';
COMMENT ON COLUMN "DTSMANAGE"."SYS_LOG"."F_KEY" IS '日志描述关键信息';

-- ----------------------------
-- Records of SYS_LOG
-- ----------------------------
INSERT INTO "DTSMANAGE"."SYS_LOG" VALUES ('1810306YBDMHBMFW', '已过滤url', '已过滤url', null, '0:0:0:0:0:0:0:1', null, null, '用户管理', '0', '获取当前用户', TO_DATE('2018-10-30 09:43:43', 'YYYY-MM-DD HH24:MI:SS'), null, null);
INSERT INTO "DTSMANAGE"."SYS_LOG" VALUES ('1810306YFNMB9DD4', '1', 'admin', null, '0:0:0:0:0:0:0:1', null, null, '用户管理', '1', '获取当前用户', TO_DATE('2018-10-30 09:44:03', 'YYYY-MM-DD HH24:MI:SS'), null, null);

-- ----------------------------
-- Table structure for SYS_ORGANIZE
-- ----------------------------
DROP TABLE "DTSMANAGE"."SYS_ORGANIZE";
CREATE TABLE "DTSMANAGE"."SYS_ORGANIZE" (
"F_ID" VARCHAR2(50 BYTE) NOT NULL ,
"F_PARENTID" VARCHAR2(50 BYTE) NULL ,
"F_LAYERS" NUMBER NULL ,
"F_ENCODE" VARCHAR2(50 BYTE) NULL ,
"F_FULLNAME" VARCHAR2(50 BYTE) NULL ,
"F_SHORTNAME" VARCHAR2(50 BYTE) NULL ,
"F_CATEGORYID" VARCHAR2(50 BYTE) NULL ,
"F_MANAGERID" VARCHAR2(50 BYTE) NULL ,
"F_TELEPHONE" VARCHAR2(20 BYTE) NULL ,
"F_MOBILEPHONE" VARCHAR2(20 BYTE) NULL ,
"F_WECHAT" VARCHAR2(50 BYTE) NULL ,
"F_FAX" VARCHAR2(20 BYTE) NULL ,
"F_EMAIL" VARCHAR2(50 BYTE) NULL ,
"F_AREAID" VARCHAR2(50 BYTE) NULL ,
"F_ADDRESS" VARCHAR2(500 BYTE) NULL ,
"F_ALLOWEDIT" NUMBER NULL ,
"F_ALLOWDELETE" NUMBER NULL ,
"F_SORTCODE" NUMBER NULL ,
"F_DELETEMARK" NUMBER DEFAULT 0  NULL ,
"F_ENABLEDMARK" NUMBER DEFAULT 1  NULL ,
"F_DESCRIPTION" VARCHAR2(4000 BYTE) NULL ,
"F_CREATORTIME" DATE DEFAULT sysdate  NULL ,
"F_CREATORUSERID" VARCHAR2(50 BYTE) NULL ,
"F_LASTMODIFYTIME" DATE NULL ,
"F_LASTMODIFYUSERID" VARCHAR2(50 BYTE) NULL ,
"F_DELETETIME" DATE NULL ,
"F_DELETEUSERID" VARCHAR2(500 BYTE) NULL 
)
LOGGING
NOCOMPRESS
NOCACHE

;
COMMENT ON COLUMN "DTSMANAGE"."SYS_ORGANIZE"."F_PARENTID" IS '父级';
COMMENT ON COLUMN "DTSMANAGE"."SYS_ORGANIZE"."F_LAYERS" IS '层次';
COMMENT ON COLUMN "DTSMANAGE"."SYS_ORGANIZE"."F_ENCODE" IS '编码';
COMMENT ON COLUMN "DTSMANAGE"."SYS_ORGANIZE"."F_FULLNAME" IS '名称';
COMMENT ON COLUMN "DTSMANAGE"."SYS_ORGANIZE"."F_SHORTNAME" IS '简称';
COMMENT ON COLUMN "DTSMANAGE"."SYS_ORGANIZE"."F_CATEGORYID" IS '分类';
COMMENT ON COLUMN "DTSMANAGE"."SYS_ORGANIZE"."F_MANAGERID" IS '负责人';
COMMENT ON COLUMN "DTSMANAGE"."SYS_ORGANIZE"."F_TELEPHONE" IS '电话';
COMMENT ON COLUMN "DTSMANAGE"."SYS_ORGANIZE"."F_MOBILEPHONE" IS '手机';
COMMENT ON COLUMN "DTSMANAGE"."SYS_ORGANIZE"."F_WECHAT" IS '微信';
COMMENT ON COLUMN "DTSMANAGE"."SYS_ORGANIZE"."F_FAX" IS '传真';
COMMENT ON COLUMN "DTSMANAGE"."SYS_ORGANIZE"."F_EMAIL" IS '邮箱';
COMMENT ON COLUMN "DTSMANAGE"."SYS_ORGANIZE"."F_AREAID" IS '归属区域';

-- ----------------------------
-- Records of SYS_ORGANIZE
-- ----------------------------
INSERT INTO "DTSMANAGE"."SYS_ORGANIZE" VALUES ('e0205b868de440b5ad43c3c507cff55d', null, null, null, null, null, null, null, null, null, null, null, null, null, null, null, null, null, '0', '1', null, TO_DATE('2018-08-27 15:26:22', 'YYYY-MM-DD HH24:MI:SS'), null, null, null, null, null);
INSERT INTO "DTSMANAGE"."SYS_ORGANIZE" VALUES ('1', '1', '1', '1', '1', '1', '1', '1', '1', '1', '1', '1', '1', '1', '1', '1', '1', '1', '0', '1', '1', TO_DATE('2018-08-20 09:13:55', 'YYYY-MM-DD HH24:MI:SS'), '1', TO_DATE('2018-08-20 09:13:53', 'YYYY-MM-DD HH24:MI:SS'), '1', TO_DATE('2018-08-20 09:13:50', 'YYYY-MM-DD HH24:MI:SS'), '1');
INSERT INTO "DTSMANAGE"."SYS_ORGANIZE" VALUES ('24e102a78ae54dc8be75f4eafe6c7a0f', null, null, null, null, null, null, null, null, null, null, null, null, null, null, null, null, null, '0', '1', null, TO_DATE('2018-09-05 15:55:11', 'YYYY-MM-DD HH24:MI:SS'), null, null, null, null, null);

-- ----------------------------
-- Table structure for SYS_PERMISSION
-- ----------------------------
DROP TABLE "DTSMANAGE"."SYS_PERMISSION";
CREATE TABLE "DTSMANAGE"."SYS_PERMISSION" (
"F_ID" VARCHAR2(50 BYTE) NOT NULL ,
"F_PARENTID" VARCHAR2(50 BYTE) NULL ,
"F_LAYERS" NUMBER NULL ,
"F_ENCODE" VARCHAR2(50 BYTE) NULL ,
"F_FULLNAME" VARCHAR2(50 BYTE) NULL ,
"F_ICON" VARCHAR2(50 BYTE) NULL ,
"F_URLADDRESS" VARCHAR2(500 BYTE) NULL ,
"F_TARGET" VARCHAR2(50 BYTE) NULL ,
"F_ISMENU" NUMBER NULL ,
"F_ISEXPAND" NUMBER NULL ,
"F_ISPUBLIC" NUMBER NULL ,
"F_ALLOWEDIT" NUMBER NULL ,
"F_ALLOWDELETE" NUMBER NULL ,
"F_SORTCODE" NUMBER NULL ,
"F_DELETEMARK" NUMBER DEFAULT 0  NULL ,
"F_ENABLEDMARK" NUMBER DEFAULT 1  NULL ,
"F_DESCRIPTION" VARCHAR2(500 BYTE) NULL ,
"F_CREATORTIME" DATE DEFAULT sysdate  NULL ,
"F_CREATORUSERID" VARCHAR2(50 BYTE) NULL ,
"F_LASTMODIFYTIME" DATE NULL ,
"F_LASTMODIFYUSERID" VARCHAR2(50 BYTE) NULL ,
"F_DELETETIME" DATE NULL ,
"F_DELETEUSERID" VARCHAR2(50 BYTE) NULL ,
"F_DIALOGWIDTH" NUMBER(20) NULL ,
"F_DIALOGHEIGHT" NUMBER(20) NULL 
)
LOGGING
NOCOMPRESS
NOCACHE

;
COMMENT ON COLUMN "DTSMANAGE"."SYS_PERMISSION"."F_PARENTID" IS '父级';
COMMENT ON COLUMN "DTSMANAGE"."SYS_PERMISSION"."F_LAYERS" IS '层次';
COMMENT ON COLUMN "DTSMANAGE"."SYS_PERMISSION"."F_ENCODE" IS '编码';
COMMENT ON COLUMN "DTSMANAGE"."SYS_PERMISSION"."F_FULLNAME" IS '名称';
COMMENT ON COLUMN "DTSMANAGE"."SYS_PERMISSION"."F_ICON" IS '图标';
COMMENT ON COLUMN "DTSMANAGE"."SYS_PERMISSION"."F_URLADDRESS" IS '链接';
COMMENT ON COLUMN "DTSMANAGE"."SYS_PERMISSION"."F_TARGET" IS '目标';
COMMENT ON COLUMN "DTSMANAGE"."SYS_PERMISSION"."F_ISMENU" IS '菜单';
COMMENT ON COLUMN "DTSMANAGE"."SYS_PERMISSION"."F_ISEXPAND" IS '展开';
COMMENT ON COLUMN "DTSMANAGE"."SYS_PERMISSION"."F_ISPUBLIC" IS '公共';
COMMENT ON COLUMN "DTSMANAGE"."SYS_PERMISSION"."F_ALLOWEDIT" IS '允许编辑';
COMMENT ON COLUMN "DTSMANAGE"."SYS_PERMISSION"."F_ALLOWDELETE" IS '允许删除';
COMMENT ON COLUMN "DTSMANAGE"."SYS_PERMISSION"."F_SORTCODE" IS '排序码';
COMMENT ON COLUMN "DTSMANAGE"."SYS_PERMISSION"."F_DELETEMARK" IS '删除标志';
COMMENT ON COLUMN "DTSMANAGE"."SYS_PERMISSION"."F_ENABLEDMARK" IS '有效标志';
COMMENT ON COLUMN "DTSMANAGE"."SYS_PERMISSION"."F_DESCRIPTION" IS '描述';
COMMENT ON COLUMN "DTSMANAGE"."SYS_PERMISSION"."F_CREATORTIME" IS '创建日期';
COMMENT ON COLUMN "DTSMANAGE"."SYS_PERMISSION"."F_CREATORUSERID" IS '创建用户主键';
COMMENT ON COLUMN "DTSMANAGE"."SYS_PERMISSION"."F_LASTMODIFYTIME" IS '最后修改时间';
COMMENT ON COLUMN "DTSMANAGE"."SYS_PERMISSION"."F_LASTMODIFYUSERID" IS '最后修改用户';
COMMENT ON COLUMN "DTSMANAGE"."SYS_PERMISSION"."F_DELETETIME" IS '删除时间';
COMMENT ON COLUMN "DTSMANAGE"."SYS_PERMISSION"."F_DELETEUSERID" IS '删除用户';
COMMENT ON COLUMN "DTSMANAGE"."SYS_PERMISSION"."F_DIALOGWIDTH" IS '使用dialog打开页面时，dialog宽度';
COMMENT ON COLUMN "DTSMANAGE"."SYS_PERMISSION"."F_DIALOGHEIGHT" IS '使用dialog打开页面时，dialog高度';

-- ----------------------------
-- Records of SYS_PERMISSION
-- ----------------------------
INSERT INTO "DTSMANAGE"."SYS_PERMISSION" VALUES ('c909d0f7c3ba4f67af919b873b1d0770', '-1', '0', '1', '信息采编', 'tag-xxcb', null, null, '1', '1', null, null, null, '1', '0', '1', null, TO_DATE('2018-09-04 11:06:19', 'YYYY-MM-DD HH24:MI:SS'), null, null, null, null, null, null, null);
INSERT INTO "DTSMANAGE"."SYS_PERMISSION" VALUES ('839ef48d8735490a8753f19f793b9919', '-1', '0', '2', '运维管理', 'tag-yygl', null, null, '1', '1', null, null, null, '4', '0', '1', null, TO_DATE('2018-09-04 11:02:22', 'YYYY-MM-DD HH24:MI:SS'), null, null, null, null, null, null, null);
INSERT INTO "DTSMANAGE"."SYS_PERMISSION" VALUES ('3f8a9b300fab4f25a9149c52d4ea738b', '-1', '0', '3', '问政互动', 'tag-wzhd', null, null, '1', '1', null, null, null, '2', '0', '1', null, TO_DATE('2018-09-04 11:07:14', 'YYYY-MM-DD HH24:MI:SS'), null, null, null, null, null, null, null);
INSERT INTO "DTSMANAGE"."SYS_PERMISSION" VALUES ('699266ab395641389385713508f7a044', '-1', '0', '4', '绩效考核', 'tag-jxkh', null, null, '1', '1', null, null, null, '3', '0', '1', null, TO_DATE('2018-09-04 11:08:02', 'YYYY-MM-DD HH24:MI:SS'), null, null, null, null, null, null, null);
INSERT INTO "DTSMANAGE"."SYS_PERMISSION" VALUES ('167f41cc7be640e1959ed1bcc0bfefc4', '-1', '0', '5', '系统管理', 'tag-htgl', '/systemmanage/index.html', 'iframe', '1', '1', null, null, null, '5', '0', '1', null, TO_DATE('2018-08-21 11:52:37', 'YYYY-MM-DD HH24:MI:SS'), null, null, null, null, '1', null, null);
INSERT INTO "DTSMANAGE"."SYS_PERMISSION" VALUES ('bcf16cf7c3244406a4326ff339da6ac6', '167f41cc7be640e1959ed1bcc0bfefc4', '1', '6', '权限管理', 'tag-authority', null, null, '1', '1', null, null, null, '2', '0', '1', null, TO_DATE('2018-08-21 11:53:00', 'YYYY-MM-DD HH24:MI:SS'), null, null, null, null, null, null, null);
INSERT INTO "DTSMANAGE"."SYS_PERMISSION" VALUES ('9738710c29794f5bb7ea717bce7cbd56', 'bcf16cf7c3244406a4326ff339da6ac6', '2', '7', '角色管理', null, null, null, '1', '1', null, null, null, '1', '0', '1', null, TO_DATE('2018-08-31 09:36:59', 'YYYY-MM-DD HH24:MI:SS'), null, null, null, null, null, null, null);
INSERT INTO "DTSMANAGE"."SYS_PERMISSION" VALUES ('e3f377ad48144d57be76b90acf426479', 'bcf16cf7c3244406a4326ff339da6ac6', '2', '8', '权限管理', null, null, null, '1', '1', null, null, null, '2', '0', '1', null, TO_DATE('2018-08-31 09:37:55', 'YYYY-MM-DD HH24:MI:SS'), null, null, null, null, null, null, null);
INSERT INTO "DTSMANAGE"."SYS_PERMISSION" VALUES ('7c103fdd756048128c3ebae9bbe6cfc2', 'dcc14255a94a4fe2a9a027e9185630b8', '3', '9', '新增用户', null, null, null, '0', '1', null, null, null, '1', '0', '1', null, TO_DATE('2018-08-31 09:39:00', 'YYYY-MM-DD HH24:MI:SS'), null, null, null, null, null, null, null);
INSERT INTO "DTSMANAGE"."SYS_PERMISSION" VALUES ('e6f7c7c2718c4f6ab5f4e16b44aa6216', 'dcc14255a94a4fe2a9a027e9185630b8', '3', '10', '修改用户', null, null, null, '0', '1', null, null, null, '2', '0', '1', null, TO_DATE('2018-08-31 09:39:23', 'YYYY-MM-DD HH24:MI:SS'), null, null, null, null, null, null, null);
INSERT INTO "DTSMANAGE"."SYS_PERMISSION" VALUES ('f3e79c86decc47f399eab82b982e15c9', '167f41cc7be640e1959ed1bcc0bfefc4', '1', '11', '用户组织管理', 'tag-user', null, null, '1', '1', null, null, null, '1', '0', '1', null, TO_DATE('2018-08-30 17:37:51', 'YYYY-MM-DD HH24:MI:SS'), null, null, null, null, null, null, null);
INSERT INTO "DTSMANAGE"."SYS_PERMISSION" VALUES ('dcc14255a94a4fe2a9a027e9185630b8', 'f3e79c86decc47f399eab82b982e15c9', '2', '12', '用户管理', null, 'user/list.html', 'iframe', '1', '1', null, null, null, '1', '0', '1', null, TO_DATE('2018-08-30 17:39:47', 'YYYY-MM-DD HH24:MI:SS'), null, null, null, null, null, null, null);
INSERT INTO "DTSMANAGE"."SYS_PERMISSION" VALUES ('0b7dd396a2344cc988c4d66e89e54856', 'f3e79c86decc47f399eab82b982e15c9', '2', '13', '组织管理', null, 'organ/list.html', 'iframe', '1', '1', null, null, null, '2', '0', '1', null, TO_DATE('2018-08-30 17:40:31', 'YYYY-MM-DD HH24:MI:SS'), null, null, null, null, null, null, null);
INSERT INTO "DTSMANAGE"."SYS_PERMISSION" VALUES ('ae9beb3d2f584aebb43560fa1a8fea0d', '167f41cc7be640e1959ed1bcc0bfefc4', '1', '14', '日志管理', 'tag-logs', null, null, '1', '1', null, null, null, '3', '0', '1', null, TO_DATE('2018-08-30 17:41:24', 'YYYY-MM-DD HH24:MI:SS'), null, null, null, null, null, null, null);
INSERT INTO "DTSMANAGE"."SYS_PERMISSION" VALUES ('d27e4ac8686442e9af6a3d2e0a3d67a9', 'bcf16cf7c3244406a4326ff339da6ac6', '2', '15', '角色管理', null, null, null, '1', '1', null, null, null, '1', '0', '1', null, TO_DATE('2018-08-30 18:01:47', 'YYYY-MM-DD HH24:MI:SS'), null, null, null, null, null, null, null);
INSERT INTO "DTSMANAGE"."SYS_PERMISSION" VALUES ('d67f33b80f8f5920e91db1393c63a98e', '0b7dd396a2344cc988c4d66e89e54856', '3', '16', '新增组织', null, 'organ/add.html', 'dialog', '1', '1', null, null, null, '1', '0', '1', null, TO_DATE('2018-09-05 16:43:41', 'YYYY-MM-DD HH24:MI:SS'), null, null, null, null, null, '600', '300');

-- ----------------------------
-- Table structure for SYS_ROLE
-- ----------------------------
DROP TABLE "DTSMANAGE"."SYS_ROLE";
CREATE TABLE "DTSMANAGE"."SYS_ROLE" (
"F_ID" VARCHAR2(50 BYTE) NOT NULL ,
"F_ORGANIZEID" VARCHAR2(50 BYTE) NULL ,
"F_CATEGORY" NUMBER NULL ,
"F_ENCODE" VARCHAR2(50 BYTE) NULL ,
"F_FULLNAME" VARCHAR2(50 BYTE) NULL ,
"F_TYPE" VARCHAR2(50 BYTE) NULL ,
"F_RESPONSIBILITY" VARCHAR2(4000 BYTE) NULL ,
"F_ALLOWEDIT" NUMBER NULL ,
"F_ALLOWDELETE" NUMBER NULL ,
"F_SORTCODE" NUMBER NULL ,
"F_DELETEMARK" NUMBER DEFAULT 0  NULL ,
"F_ENABLEDMARK" NUMBER DEFAULT 1  NULL ,
"F_DESCRIPTION" VARCHAR2(500 BYTE) NULL ,
"F_CREATORTIME" DATE DEFAULT sysdate  NULL ,
"F_CREATORUSERID" VARCHAR2(50 BYTE) NULL ,
"F_LASTMODIFYTIME" DATE NULL ,
"F_LASTMODIFYUSERID" VARCHAR2(50 BYTE) NULL ,
"F_DELETETIME" DATE NULL ,
"F_DELETEUSERID" VARCHAR2(50 BYTE) NULL ,
"F_TEMPLATEID" VARCHAR2(50 BYTE) NULL 
)
LOGGING
NOCOMPRESS
NOCACHE

;
COMMENT ON COLUMN "DTSMANAGE"."SYS_ROLE"."F_ORGANIZEID" IS '组织主键';
COMMENT ON COLUMN "DTSMANAGE"."SYS_ROLE"."F_CATEGORY" IS '分类:1-角色2-岗位';
COMMENT ON COLUMN "DTSMANAGE"."SYS_ROLE"."F_ENCODE" IS '编号';
COMMENT ON COLUMN "DTSMANAGE"."SYS_ROLE"."F_FULLNAME" IS '名称';
COMMENT ON COLUMN "DTSMANAGE"."SYS_ROLE"."F_TYPE" IS '类型1平台级2站点级3栏目级';
COMMENT ON COLUMN "DTSMANAGE"."SYS_ROLE"."F_RESPONSIBILITY" IS '岗位职责';
COMMENT ON COLUMN "DTSMANAGE"."SYS_ROLE"."F_ALLOWEDIT" IS '允许编辑';
COMMENT ON COLUMN "DTSMANAGE"."SYS_ROLE"."F_ALLOWDELETE" IS '允许删除';
COMMENT ON COLUMN "DTSMANAGE"."SYS_ROLE"."F_SORTCODE" IS '排序码';
COMMENT ON COLUMN "DTSMANAGE"."SYS_ROLE"."F_DELETEMARK" IS '删除标志';
COMMENT ON COLUMN "DTSMANAGE"."SYS_ROLE"."F_ENABLEDMARK" IS '有效标志';
COMMENT ON COLUMN "DTSMANAGE"."SYS_ROLE"."F_DESCRIPTION" IS '描述';
COMMENT ON COLUMN "DTSMANAGE"."SYS_ROLE"."F_CREATORTIME" IS '创建时间';
COMMENT ON COLUMN "DTSMANAGE"."SYS_ROLE"."F_CREATORUSERID" IS '创建用户';
COMMENT ON COLUMN "DTSMANAGE"."SYS_ROLE"."F_LASTMODIFYTIME" IS '最后修改时间';
COMMENT ON COLUMN "DTSMANAGE"."SYS_ROLE"."F_LASTMODIFYUSERID" IS '最后修改用户';
COMMENT ON COLUMN "DTSMANAGE"."SYS_ROLE"."F_DELETETIME" IS '删除时间';
COMMENT ON COLUMN "DTSMANAGE"."SYS_ROLE"."F_DELETEUSERID" IS '删除用户';
COMMENT ON COLUMN "DTSMANAGE"."SYS_ROLE"."F_TEMPLATEID" IS '模板id';

-- ----------------------------
-- Records of SYS_ROLE
-- ----------------------------
INSERT INTO "DTSMANAGE"."SYS_ROLE" VALUES ('1809186YA1Z0YT0H', '123', '123', '213', '123', '1', null, null, null, null, '0', '1', null, TO_DATE('2018-09-18 09:43:25', 'YYYY-MM-DD HH24:MI:SS'), null, null, null, null, null, null);
INSERT INTO "DTSMANAGE"."SYS_ROLE" VALUES ('8db8f543c93b4052b45cda818714a58c', null, null, null, null, null, null, null, null, null, '0', '1', null, TO_DATE('2018-08-27 10:26:46', 'YYYY-MM-DD HH24:MI:SS'), null, null, null, null, null, null);
INSERT INTO "DTSMANAGE"."SYS_ROLE" VALUES ('be6a3e8a9bd04072b1c7366aa24577d3', null, null, null, null, null, null, null, null, null, '0', '1', null, TO_DATE('2018-08-27 11:03:52', 'YYYY-MM-DD HH24:MI:SS'), null, null, null, null, null, null);
INSERT INTO "DTSMANAGE"."SYS_ROLE" VALUES ('1', null, null, 'dsfd', 'admin', '1', null, null, null, '1', '0', '1', '1', TO_DATE('2018-08-20 12:43:57', 'YYYY-MM-DD HH24:MI:SS'), '1', null, '1', TO_DATE('2018-08-27 09:50:52', 'YYYY-MM-DD HH24:MI:SS'), '1', '1');
INSERT INTO "DTSMANAGE"."SYS_ROLE" VALUES ('1809187YYF4AH37C', '12', '12312', '12', '123', '1', '12', '1', '1', '1', '0', '1', '1231', TO_DATE('2018-09-18 11:09:16', 'YYYY-MM-DD HH24:MI:SS'), null, null, null, null, null, null);

-- ----------------------------
-- Table structure for SYS_ROLEPERMISSION
-- ----------------------------
DROP TABLE "DTSMANAGE"."SYS_ROLEPERMISSION";
CREATE TABLE "DTSMANAGE"."SYS_ROLEPERMISSION" (
"F_ID" VARCHAR2(50 BYTE) NOT NULL ,
"F_ROLEID" VARCHAR2(50 BYTE) NULL ,
"F_PERMISSIONID" VARCHAR2(50 BYTE) NULL ,
"F_SORTCODE" NUMBER NULL ,
"F_CREATORTIME" DATE NULL ,
"F_CREATORUSERID" VARCHAR2(50 BYTE) NULL ,
"F_DELETEMARK" NUMBER DEFAULT 0  NULL 
)
LOGGING
NOCOMPRESS
NOCACHE

;
COMMENT ON COLUMN "DTSMANAGE"."SYS_ROLEPERMISSION"."F_ROLEID" IS '用户id';
COMMENT ON COLUMN "DTSMANAGE"."SYS_ROLEPERMISSION"."F_PERMISSIONID" IS '角色id';
COMMENT ON COLUMN "DTSMANAGE"."SYS_ROLEPERMISSION"."F_SORTCODE" IS '排序码';
COMMENT ON COLUMN "DTSMANAGE"."SYS_ROLEPERMISSION"."F_CREATORTIME" IS '创建时间';
COMMENT ON COLUMN "DTSMANAGE"."SYS_ROLEPERMISSION"."F_CREATORUSERID" IS '创建用户';
COMMENT ON COLUMN "DTSMANAGE"."SYS_ROLEPERMISSION"."F_DELETEMARK" IS '1 无效  0 有效';

-- ----------------------------
-- Records of SYS_ROLEPERMISSION
-- ----------------------------
INSERT INTO "DTSMANAGE"."SYS_ROLEPERMISSION" VALUES ('2', '1', 'bcf16cf7c3244406a4326ff339da6ac6', '1', TO_DATE('2018-09-20 10:05:54', 'YYYY-MM-DD HH24:MI:SS'), null, '0');
INSERT INTO "DTSMANAGE"."SYS_ROLEPERMISSION" VALUES ('9cbe6a59742f47098ec880d733bf9eec', '1', 'f3e79c86decc47f399eab82b982e15c9', '2', TO_DATE('2018-09-20 10:05:57', 'YYYY-MM-DD HH24:MI:SS'), null, '0');
INSERT INTO "DTSMANAGE"."SYS_ROLEPERMISSION" VALUES ('2408bd2e63c9448382e2daed9cbb78cc', '1', 'dcc14255a94a4fe2a9a027e9185630b8', '3', TO_DATE('2018-09-20 10:06:14', 'YYYY-MM-DD HH24:MI:SS'), null, '0');
INSERT INTO "DTSMANAGE"."SYS_ROLEPERMISSION" VALUES ('16a7684c887241bebd4e6b1047b0deca', '1', '0b7dd396a2344cc988c4d66e89e54856', '4', TO_DATE('2018-09-20 10:06:17', 'YYYY-MM-DD HH24:MI:SS'), null, '0');
INSERT INTO "DTSMANAGE"."SYS_ROLEPERMISSION" VALUES ('6bf962fc157e4d07ae2a4aeda7a8ef28', '1', 'ae9beb3d2f584aebb43560fa1a8fea0d', '5', TO_DATE('2018-09-20 10:06:19', 'YYYY-MM-DD HH24:MI:SS'), null, '0');
INSERT INTO "DTSMANAGE"."SYS_ROLEPERMISSION" VALUES ('1', '1', '167f41cc7be640e1959ed1bcc0bfefc4', '6', TO_DATE('2018-09-20 10:06:22', 'YYYY-MM-DD HH24:MI:SS'), null, '0');
INSERT INTO "DTSMANAGE"."SYS_ROLEPERMISSION" VALUES ('e9d0de0708d84ab2901e660b482d0673', '1', '9738710c29794f5bb7ea717bce7cbd56', '7', TO_DATE('2018-09-20 10:06:25', 'YYYY-MM-DD HH24:MI:SS'), null, '0');
INSERT INTO "DTSMANAGE"."SYS_ROLEPERMISSION" VALUES ('b7f41b44abac4e079a10a5e7af88f0aa', '1', 'e3f377ad48144d57be76b90acf426479', '8', TO_DATE('2018-09-20 10:06:27', 'YYYY-MM-DD HH24:MI:SS'), null, '0');
INSERT INTO "DTSMANAGE"."SYS_ROLEPERMISSION" VALUES ('b880b73eb5c34b8f9416704a692c5eec', '1', '7c103fdd756048128c3ebae9bbe6cfc2', '9', TO_DATE('2018-09-20 10:06:30', 'YYYY-MM-DD HH24:MI:SS'), null, '0');
INSERT INTO "DTSMANAGE"."SYS_ROLEPERMISSION" VALUES ('2b59967f54604960b92527f1416a25c7', '1', 'e6f7c7c2718c4f6ab5f4e16b44aa6216', '10', TO_DATE('2018-09-20 10:06:34', 'YYYY-MM-DD HH24:MI:SS'), null, '0');
INSERT INTO "DTSMANAGE"."SYS_ROLEPERMISSION" VALUES ('c909d0f7c3ba4f67af919b873b1d0770', '1', 'c909d0f7c3ba4f67af919b873b1d0770', '11', TO_DATE('2018-09-20 10:06:36', 'YYYY-MM-DD HH24:MI:SS'), null, '0');
INSERT INTO "DTSMANAGE"."SYS_ROLEPERMISSION" VALUES ('839ef48d8735490a8753f19f793b9919', '1', '839ef48d8735490a8753f19f793b9919', '12', TO_DATE('2018-09-20 10:06:39', 'YYYY-MM-DD HH24:MI:SS'), null, '0');
INSERT INTO "DTSMANAGE"."SYS_ROLEPERMISSION" VALUES ('3f8a9b300fab4f25a9149c52d4ea738b', '1', '3f8a9b300fab4f25a9149c52d4ea738b', '13', TO_DATE('2018-09-20 10:06:41', 'YYYY-MM-DD HH24:MI:SS'), null, '0');
INSERT INTO "DTSMANAGE"."SYS_ROLEPERMISSION" VALUES ('699266ab395641389385713508f7a044', '1', '699266ab395641389385713508f7a044', '14', TO_DATE('2018-09-20 10:06:44', 'YYYY-MM-DD HH24:MI:SS'), null, '0');
INSERT INTO "DTSMANAGE"."SYS_ROLEPERMISSION" VALUES ('d67f33b80f8f5920e91db1393c63a98e', '1', 'd67f33b80f8f5920e91db1393c63a98e', '15', TO_DATE('2018-09-20 10:06:47', 'YYYY-MM-DD HH24:MI:SS'), null, '0');

-- ----------------------------
-- Table structure for SYS_ROLESOURCE
-- ----------------------------
DROP TABLE "DTSMANAGE"."SYS_ROLESOURCE";
CREATE TABLE "DTSMANAGE"."SYS_ROLESOURCE" (
"F_ID" VARCHAR2(50 BYTE) NOT NULL ,
"F_ROLEID" VARCHAR2(50 BYTE) NULL ,
"F_SOURCEID" VARCHAR2(50 BYTE) NULL ,
"F_TYPE" NUMBER NULL ,
"F_SORTCODE" NUMBER NULL ,
"F_DELETEMARK" NUMBER DEFAULT 0  NULL ,
"F_ENABLEDMARK" NUMBER DEFAULT 1  NULL ,
"F_CREATORTIME" DATE DEFAULT sysdate  NULL ,
"F_CREATORUSERID" VARCHAR2(50 BYTE) NULL ,
"F_LASTMODIFYTIME" DATE NULL ,
"F_LASTMODIFYUSERID" VARCHAR2(50 BYTE) NULL ,
"F_DELETETIME" DATE NULL ,
"F_DELETEUSERID" VARCHAR2(50 BYTE) NULL 
)
LOGGING
NOCOMPRESS
NOCACHE

;
COMMENT ON COLUMN "DTSMANAGE"."SYS_ROLESOURCE"."F_ROLEID" IS '角色id';
COMMENT ON COLUMN "DTSMANAGE"."SYS_ROLESOURCE"."F_SOURCEID" IS '资源id(站点id或者栏目id)';
COMMENT ON COLUMN "DTSMANAGE"."SYS_ROLESOURCE"."F_TYPE" IS '类型1平台级2站点级3栏目级';
COMMENT ON COLUMN "DTSMANAGE"."SYS_ROLESOURCE"."F_SORTCODE" IS '排序码';
COMMENT ON COLUMN "DTSMANAGE"."SYS_ROLESOURCE"."F_DELETEMARK" IS '删除标志';
COMMENT ON COLUMN "DTSMANAGE"."SYS_ROLESOURCE"."F_ENABLEDMARK" IS '有效标志';
COMMENT ON COLUMN "DTSMANAGE"."SYS_ROLESOURCE"."F_CREATORTIME" IS '创建时间';
COMMENT ON COLUMN "DTSMANAGE"."SYS_ROLESOURCE"."F_DELETETIME" IS '删除时间';
COMMENT ON COLUMN "DTSMANAGE"."SYS_ROLESOURCE"."F_DELETEUSERID" IS '删除用户';

-- ----------------------------
-- Records of SYS_ROLESOURCE
-- ----------------------------

-- ----------------------------
-- Table structure for SYS_TEMPLATE
-- ----------------------------
DROP TABLE "DTSMANAGE"."SYS_TEMPLATE";
CREATE TABLE "DTSMANAGE"."SYS_TEMPLATE" (
"F_ID" VARCHAR2(50 BYTE) NOT NULL ,
"F_NAME" VARCHAR2(100 BYTE) NULL ,
"F_TYPE" NUMBER DEFAULT 1  NULL ,
"F_SORTCODE" NUMBER NULL ,
"F_DELETEMARK" NUMBER DEFAULT 0  NULL ,
"F_ENABLEDMARK" NUMBER DEFAULT 1  NULL ,
"F_CREATORTIME" DATE DEFAULT sysdate  NULL ,
"F_CREATORUSERID" VARCHAR2(50 BYTE) NULL ,
"F_LASTMODIFYTIME" DATE NULL ,
"F_LASTMODIFYUSERID" VARCHAR2(50 BYTE) NULL ,
"F_DELETETIME" DATE NULL ,
"F_DELETEUSERID" VARCHAR2(50 BYTE) NULL 
)
LOGGING
NOCOMPRESS
NOCACHE

;
COMMENT ON COLUMN "DTSMANAGE"."SYS_TEMPLATE"."F_NAME" IS '模板名称';
COMMENT ON COLUMN "DTSMANAGE"."SYS_TEMPLATE"."F_TYPE" IS '1平台级模板2站点级模板';
COMMENT ON COLUMN "DTSMANAGE"."SYS_TEMPLATE"."F_SORTCODE" IS '排序码';
COMMENT ON COLUMN "DTSMANAGE"."SYS_TEMPLATE"."F_DELETEMARK" IS '删除标志';
COMMENT ON COLUMN "DTSMANAGE"."SYS_TEMPLATE"."F_ENABLEDMARK" IS '有效标志';
COMMENT ON COLUMN "DTSMANAGE"."SYS_TEMPLATE"."F_CREATORTIME" IS '创建时间';
COMMENT ON COLUMN "DTSMANAGE"."SYS_TEMPLATE"."F_DELETETIME" IS '删除时间';
COMMENT ON COLUMN "DTSMANAGE"."SYS_TEMPLATE"."F_DELETEUSERID" IS '删除用户';

-- ----------------------------
-- Records of SYS_TEMPLATE
-- ----------------------------
INSERT INTO "DTSMANAGE"."SYS_TEMPLATE" VALUES ('123', null, '1', null, '0', '1', TO_DATE('2018-08-27 11:14:09', 'YYYY-MM-DD HH24:MI:SS'), null, null, null, TO_DATE('2018-08-27 11:23:18', 'YYYY-MM-DD HH24:MI:SS'), '1');
INSERT INTO "DTSMANAGE"."SYS_TEMPLATE" VALUES ('123321', null, '1', null, '0', '1', TO_DATE('2018-08-27 11:14:25', 'YYYY-MM-DD HH24:MI:SS'), null, null, null, null, null);
INSERT INTO "DTSMANAGE"."SYS_TEMPLATE" VALUES ('1', '123', '1', null, '0', '1', TO_DATE('2018-08-22 10:59:31', 'YYYY-MM-DD HH24:MI:SS'), null, null, null, TO_DATE('2018-08-27 11:22:44', 'YYYY-MM-DD HH24:MI:SS'), '1233213123213');
INSERT INTO "DTSMANAGE"."SYS_TEMPLATE" VALUES ('333', null, '1', null, '0', '1', TO_DATE('2018-08-27 11:23:30', 'YYYY-MM-DD HH24:MI:SS'), null, null, null, null, null);

-- ----------------------------
-- Table structure for SYS_TEMPLATEDETAIL
-- ----------------------------
DROP TABLE "DTSMANAGE"."SYS_TEMPLATEDETAIL";
CREATE TABLE "DTSMANAGE"."SYS_TEMPLATEDETAIL" (
"F_ID" VARCHAR2(50 BYTE) NOT NULL ,
"F_TEMPLATEID" VARCHAR2(50 BYTE) NULL ,
"F_APPID" VARCHAR2(50 BYTE) NULL ,
"F_SORTCODE" NUMBER NULL ,
"F_DELETEMARK" NUMBER DEFAULT 0  NULL ,
"F_ENABLEDMARK" NUMBER DEFAULT 1  NULL ,
"F_CREATORTIME" DATE DEFAULT sysdate  NULL ,
"F_CREATORUSERID" VARCHAR2(50 BYTE) NULL ,
"F_LASTMODIFYTIME" DATE NULL ,
"F_LASTMODIFYUSERID" VARCHAR2(50 BYTE) NULL ,
"F_DELETETIME" DATE NULL ,
"F_DELETEUSERID" VARCHAR2(50 BYTE) NULL 
)
LOGGING
NOCOMPRESS
NOCACHE

;
COMMENT ON COLUMN "DTSMANAGE"."SYS_TEMPLATEDETAIL"."F_ID" IS '模板id';
COMMENT ON COLUMN "DTSMANAGE"."SYS_TEMPLATEDETAIL"."F_TEMPLATEID" IS '模板id';
COMMENT ON COLUMN "DTSMANAGE"."SYS_TEMPLATEDETAIL"."F_APPID" IS '系统id';
COMMENT ON COLUMN "DTSMANAGE"."SYS_TEMPLATEDETAIL"."F_SORTCODE" IS '排序码';
COMMENT ON COLUMN "DTSMANAGE"."SYS_TEMPLATEDETAIL"."F_DELETEMARK" IS '删除标志';
COMMENT ON COLUMN "DTSMANAGE"."SYS_TEMPLATEDETAIL"."F_ENABLEDMARK" IS '有效标志';
COMMENT ON COLUMN "DTSMANAGE"."SYS_TEMPLATEDETAIL"."F_CREATORTIME" IS '创建时间';
COMMENT ON COLUMN "DTSMANAGE"."SYS_TEMPLATEDETAIL"."F_DELETETIME" IS '删除时间';
COMMENT ON COLUMN "DTSMANAGE"."SYS_TEMPLATEDETAIL"."F_DELETEUSERID" IS '删除用户';

-- ----------------------------
-- Records of SYS_TEMPLATEDETAIL
-- ----------------------------
INSERT INTO "DTSMANAGE"."SYS_TEMPLATEDETAIL" VALUES ('1', '1', '2', '1', '0', '1', TO_DATE('2018-08-22 11:00:19', 'YYYY-MM-DD HH24:MI:SS'), null, null, null, null, null);

-- ----------------------------
-- Table structure for SYS_TEMPLATEPERSSION
-- ----------------------------
DROP TABLE "DTSMANAGE"."SYS_TEMPLATEPERSSION";
CREATE TABLE "DTSMANAGE"."SYS_TEMPLATEPERSSION" (
"F_ID" VARCHAR2(50 BYTE) NOT NULL ,
"F_TEMPLATEID" VARCHAR2(50 BYTE) NULL ,
"F_PERMISSIONID" VARCHAR2(50 BYTE) NULL ,
"F_SORTCODE" NUMBER NULL ,
"F_DELETEMARK" NUMBER DEFAULT 0  NULL ,
"F_ENABLEDMARK" NUMBER DEFAULT 1  NULL ,
"F_CREATORTIME" DATE DEFAULT sysdate  NULL ,
"F_CREATORUSERID" VARCHAR2(50 BYTE) NULL ,
"F_LASTMODIFYTIME" DATE NULL ,
"F_LASTMODIFYUSERID" VARCHAR2(50 BYTE) NULL ,
"F_DELETETIME" DATE NULL ,
"F_DELETEUSERID" VARCHAR2(50 BYTE) NULL 
)
LOGGING
NOCOMPRESS
NOCACHE

;
COMMENT ON COLUMN "DTSMANAGE"."SYS_TEMPLATEPERSSION"."F_TEMPLATEID" IS '模板id';
COMMENT ON COLUMN "DTSMANAGE"."SYS_TEMPLATEPERSSION"."F_PERMISSIONID" IS '权限id';
COMMENT ON COLUMN "DTSMANAGE"."SYS_TEMPLATEPERSSION"."F_SORTCODE" IS '排序码';
COMMENT ON COLUMN "DTSMANAGE"."SYS_TEMPLATEPERSSION"."F_DELETEMARK" IS '删除标志';
COMMENT ON COLUMN "DTSMANAGE"."SYS_TEMPLATEPERSSION"."F_ENABLEDMARK" IS '有效标志';
COMMENT ON COLUMN "DTSMANAGE"."SYS_TEMPLATEPERSSION"."F_CREATORTIME" IS '创建时间';
COMMENT ON COLUMN "DTSMANAGE"."SYS_TEMPLATEPERSSION"."F_DELETETIME" IS '删除时间';
COMMENT ON COLUMN "DTSMANAGE"."SYS_TEMPLATEPERSSION"."F_DELETEUSERID" IS '删除用户';

-- ----------------------------
-- Records of SYS_TEMPLATEPERSSION
-- ----------------------------
INSERT INTO "DTSMANAGE"."SYS_TEMPLATEPERSSION" VALUES ('2', '1', 'bcf16cf7c3244406a4326ff339da6ac6', null, '0', '1', TO_DATE('2018-08-30 17:28:36', 'YYYY-MM-DD HH24:MI:SS'), null, null, null, null, null);
INSERT INTO "DTSMANAGE"."SYS_TEMPLATEPERSSION" VALUES ('9cbe6a59742f47098ec880d733bf9eec', '1', 'f3e79c86decc47f399eab82b982e15c9', null, '0', '1', TO_DATE('2018-08-30 17:45:25', 'YYYY-MM-DD HH24:MI:SS'), null, null, null, null, null);
INSERT INTO "DTSMANAGE"."SYS_TEMPLATEPERSSION" VALUES ('2408bd2e63c9448382e2daed9cbb78cc', '1', 'dcc14255a94a4fe2a9a027e9185630b8', null, '0', '1', TO_DATE('2018-08-30 17:46:09', 'YYYY-MM-DD HH24:MI:SS'), null, null, null, null, null);
INSERT INTO "DTSMANAGE"."SYS_TEMPLATEPERSSION" VALUES ('16a7684c887241bebd4e6b1047b0deca', '1', '0b7dd396a2344cc988c4d66e89e54856', null, '0', '1', TO_DATE('2018-08-30 17:46:16', 'YYYY-MM-DD HH24:MI:SS'), null, null, null, null, null);
INSERT INTO "DTSMANAGE"."SYS_TEMPLATEPERSSION" VALUES ('6bf962fc157e4d07ae2a4aeda7a8ef28', '1', 'ae9beb3d2f584aebb43560fa1a8fea0d', null, '0', '1', TO_DATE('2018-08-30 17:46:23', 'YYYY-MM-DD HH24:MI:SS'), null, null, null, null, null);
INSERT INTO "DTSMANAGE"."SYS_TEMPLATEPERSSION" VALUES ('1', '1', '167f41cc7be640e1959ed1bcc0bfefc4', '12', '0', '1', TO_DATE('2018-08-21 11:40:56', 'YYYY-MM-DD HH24:MI:SS'), null, null, null, null, null);
INSERT INTO "DTSMANAGE"."SYS_TEMPLATEPERSSION" VALUES ('e9d0de0708d84ab2901e660b482d0673', '1', '9738710c29794f5bb7ea717bce7cbd56', null, '0', '1', TO_DATE('2018-08-31 09:41:21', 'YYYY-MM-DD HH24:MI:SS'), null, null, null, null, null);
INSERT INTO "DTSMANAGE"."SYS_TEMPLATEPERSSION" VALUES ('b7f41b44abac4e079a10a5e7af88f0aa', '1', 'e3f377ad48144d57be76b90acf426479', null, '0', '1', TO_DATE('2018-08-31 09:43:25', 'YYYY-MM-DD HH24:MI:SS'), null, null, null, null, null);
INSERT INTO "DTSMANAGE"."SYS_TEMPLATEPERSSION" VALUES ('b880b73eb5c34b8f9416704a692c5eec', '1', '7c103fdd756048128c3ebae9bbe6cfc2', null, '0', '1', TO_DATE('2018-08-31 09:43:26', 'YYYY-MM-DD HH24:MI:SS'), null, null, null, null, null);
INSERT INTO "DTSMANAGE"."SYS_TEMPLATEPERSSION" VALUES ('2b59967f54604960b92527f1416a25c7', '1', 'e6f7c7c2718c4f6ab5f4e16b44aa6216', null, '0', '1', TO_DATE('2018-08-31 09:43:33', 'YYYY-MM-DD HH24:MI:SS'), null, null, null, null, null);
INSERT INTO "DTSMANAGE"."SYS_TEMPLATEPERSSION" VALUES ('c909d0f7c3ba4f67af919b873b1d0770', '1', 'c909d0f7c3ba4f67af919b873b1d0770', null, '0', '1', TO_DATE('2018-09-05 17:16:52', 'YYYY-MM-DD HH24:MI:SS'), null, null, null, null, null);
INSERT INTO "DTSMANAGE"."SYS_TEMPLATEPERSSION" VALUES ('839ef48d8735490a8753f19f793b9919', '1', '839ef48d8735490a8753f19f793b9919', null, '0', '1', TO_DATE('2018-09-05 17:16:57', 'YYYY-MM-DD HH24:MI:SS'), null, null, null, null, null);
INSERT INTO "DTSMANAGE"."SYS_TEMPLATEPERSSION" VALUES ('3f8a9b300fab4f25a9149c52d4ea738b', '1', '3f8a9b300fab4f25a9149c52d4ea738b', null, '0', '1', TO_DATE('2018-09-05 17:17:04', 'YYYY-MM-DD HH24:MI:SS'), null, null, null, null, null);
INSERT INTO "DTSMANAGE"."SYS_TEMPLATEPERSSION" VALUES ('699266ab395641389385713508f7a044', '1', '699266ab395641389385713508f7a044', null, '0', '1', TO_DATE('2018-09-05 17:17:16', 'YYYY-MM-DD HH24:MI:SS'), null, null, null, null, null);
INSERT INTO "DTSMANAGE"."SYS_TEMPLATEPERSSION" VALUES ('d67f33b80f8f5920e91db1393c63a98e', '1', 'd67f33b80f8f5920e91db1393c63a98e', null, '0', '1', TO_DATE('2018-09-05 17:17:27', 'YYYY-MM-DD HH24:MI:SS'), null, null, null, null, null);

-- ----------------------------
-- Table structure for SYS_USER
-- ----------------------------
DROP TABLE "DTSMANAGE"."SYS_USER";
CREATE TABLE "DTSMANAGE"."SYS_USER" (
"F_ID" VARCHAR2(50 BYTE) NOT NULL ,
"F_ACCOUNT" VARCHAR2(50 BYTE) NULL ,
"F_REALNAME" VARCHAR2(50 BYTE) NULL ,
"F_NICKNAME" VARCHAR2(50 BYTE) NULL ,
"F_HEADICON" VARCHAR2(50 BYTE) NULL ,
"F_GENDER" NUMBER NULL ,
"F_BIRTHDAY" DATE NULL ,
"F_MOBILEPHONE" VARCHAR2(20 BYTE) NULL ,
"F_EMAIL" VARCHAR2(50 BYTE) NULL ,
"F_WECHAT" VARCHAR2(50 BYTE) NULL ,
"F_MANAGERID" VARCHAR2(50 BYTE) NULL ,
"F_SECURITYLEVEL" NUMBER NULL ,
"F_SIGNATURE" VARCHAR2(500 BYTE) NULL ,
"F_ORGANIZEID" VARCHAR2(50 BYTE) NULL ,
"F_DEPARTMENTID" VARCHAR2(500 BYTE) NULL ,
"F_DUTYID" VARCHAR2(500 BYTE) NULL ,
"F_JOBNUMBER" VARCHAR2(50 BYTE) NULL ,
"F_ISADMINISTRATOR" NUMBER NULL ,
"F_SORTCODE" NUMBER NULL ,
"F_DELETEMARK" NUMBER DEFAULT 0  NULL ,
"F_ENABLEDMARK" NUMBER DEFAULT NULL  NULL ,
"F_DESCRIPTION" VARCHAR2(500 BYTE) NULL ,
"F_CREATORTIME" DATE DEFAULT sysdate  NULL ,
"F_CREATORUSERID" VARCHAR2(50 BYTE) NULL ,
"F_LASTMODIFYTIME" DATE NULL ,
"F_LASTMODIFYUSERID" VARCHAR2(50 BYTE) NULL ,
"F_DELETETIME" DATE NULL ,
"F_DELETEUSERID" VARCHAR2(500 BYTE) NULL ,
"F_PASSWORD" VARCHAR2(64 BYTE) NULL 
)
LOGGING
NOCOMPRESS
NOCACHE

;
COMMENT ON COLUMN "DTSMANAGE"."SYS_USER"."F_ACCOUNT" IS '账户';
COMMENT ON COLUMN "DTSMANAGE"."SYS_USER"."F_REALNAME" IS '姓名';
COMMENT ON COLUMN "DTSMANAGE"."SYS_USER"."F_NICKNAME" IS '呢称';
COMMENT ON COLUMN "DTSMANAGE"."SYS_USER"."F_HEADICON" IS '头像';
COMMENT ON COLUMN "DTSMANAGE"."SYS_USER"."F_GENDER" IS '性别';
COMMENT ON COLUMN "DTSMANAGE"."SYS_USER"."F_BIRTHDAY" IS '生日';
COMMENT ON COLUMN "DTSMANAGE"."SYS_USER"."F_MOBILEPHONE" IS '手机';
COMMENT ON COLUMN "DTSMANAGE"."SYS_USER"."F_EMAIL" IS '邮箱';
COMMENT ON COLUMN "DTSMANAGE"."SYS_USER"."F_WECHAT" IS '微信';
COMMENT ON COLUMN "DTSMANAGE"."SYS_USER"."F_MANAGERID" IS '主管主键';
COMMENT ON COLUMN "DTSMANAGE"."SYS_USER"."F_SECURITYLEVEL" IS '安全级别';
COMMENT ON COLUMN "DTSMANAGE"."SYS_USER"."F_SIGNATURE" IS '个性签名';
COMMENT ON COLUMN "DTSMANAGE"."SYS_USER"."F_ORGANIZEID" IS '组织主键';
COMMENT ON COLUMN "DTSMANAGE"."SYS_USER"."F_DEPARTMENTID" IS '部门主键';
COMMENT ON COLUMN "DTSMANAGE"."SYS_USER"."F_DUTYID" IS '岗位主键';
COMMENT ON COLUMN "DTSMANAGE"."SYS_USER"."F_JOBNUMBER" IS '人员工号';
COMMENT ON COLUMN "DTSMANAGE"."SYS_USER"."F_ISADMINISTRATOR" IS '是否管理员';
COMMENT ON COLUMN "DTSMANAGE"."SYS_USER"."F_SORTCODE" IS '排序码';
COMMENT ON COLUMN "DTSMANAGE"."SYS_USER"."F_DELETEMARK" IS '0 未删除   1 已删除';
COMMENT ON COLUMN "DTSMANAGE"."SYS_USER"."F_ENABLEDMARK" IS '1有效  0 无效';
COMMENT ON COLUMN "DTSMANAGE"."SYS_USER"."F_DESCRIPTION" IS '描述';
COMMENT ON COLUMN "DTSMANAGE"."SYS_USER"."F_CREATORTIME" IS '创建时间';
COMMENT ON COLUMN "DTSMANAGE"."SYS_USER"."F_CREATORUSERID" IS '创建用户';
COMMENT ON COLUMN "DTSMANAGE"."SYS_USER"."F_LASTMODIFYTIME" IS '最后修改时间';
COMMENT ON COLUMN "DTSMANAGE"."SYS_USER"."F_LASTMODIFYUSERID" IS '最后修改用户';
COMMENT ON COLUMN "DTSMANAGE"."SYS_USER"."F_DELETETIME" IS '删除时间';
COMMENT ON COLUMN "DTSMANAGE"."SYS_USER"."F_DELETEUSERID" IS '删除用户';
COMMENT ON COLUMN "DTSMANAGE"."SYS_USER"."F_PASSWORD" IS '登录密码md5';

-- ----------------------------
-- Records of SYS_USER
-- ----------------------------
INSERT INTO "DTSMANAGE"."SYS_USER" VALUES ('1', 'admin', 'admin', 'admin', '1', '1', TO_DATE('2018-08-17 14:50:37', 'YYYY-MM-DD HH24:MI:SS'), '1', '1', '1', '1', '1', '1', '1', '1', '1', '1', '1', '1', '0', '1', '1', TO_DATE('2018-08-16 14:38:14', 'YYYY-MM-DD HH24:MI:SS'), '1', TO_DATE('2018-08-17 14:49:37', 'YYYY-MM-DD HH24:MI:SS'), '1', TO_DATE('2018-08-17 14:49:34', 'YYYY-MM-DD HH24:MI:SS'), '1', 'E10ADC3949BA59ABBE56E057F20F883E');
INSERT INTO "DTSMANAGE"."SYS_USER" VALUES ('e4b7b5cb0e224fe48816945cab553519', null, null, null, null, null, null, null, null, null, null, null, null, null, null, null, null, null, null, '0', null, null, TO_DATE('2018-09-05 15:55:34', 'YYYY-MM-DD HH24:MI:SS'), null, null, null, null, null, null);

-- ----------------------------
-- Table structure for SYS_USERROLE
-- ----------------------------
DROP TABLE "DTSMANAGE"."SYS_USERROLE";
CREATE TABLE "DTSMANAGE"."SYS_USERROLE" (
"F_ID" VARCHAR2(50 BYTE) NOT NULL ,
"F_USERID" VARCHAR2(50 BYTE) NULL ,
"F_ROLEID" VARCHAR2(50 BYTE) NULL ,
"F_SORTCODE" NUMBER NULL ,
"F_CREATORTIME" DATE NULL ,
"F_CREATORUSERID" VARCHAR2(50 BYTE) NULL ,
"F_DELETEMARK" NUMBER DEFAULT 0  NULL 
)
LOGGING
NOCOMPRESS
NOCACHE

;
COMMENT ON COLUMN "DTSMANAGE"."SYS_USERROLE"."F_USERID" IS '用户id';
COMMENT ON COLUMN "DTSMANAGE"."SYS_USERROLE"."F_ROLEID" IS '角色id';
COMMENT ON COLUMN "DTSMANAGE"."SYS_USERROLE"."F_SORTCODE" IS '排序码';
COMMENT ON COLUMN "DTSMANAGE"."SYS_USERROLE"."F_CREATORTIME" IS '创建时间';
COMMENT ON COLUMN "DTSMANAGE"."SYS_USERROLE"."F_CREATORUSERID" IS '创建用户';
COMMENT ON COLUMN "DTSMANAGE"."SYS_USERROLE"."F_DELETEMARK" IS '1 无效  0 有效';

-- ----------------------------
-- Records of SYS_USERROLE
-- ----------------------------
INSERT INTO "DTSMANAGE"."SYS_USERROLE" VALUES ('21322', '1', '1', '1', TO_DATE('2018-08-20 12:44:36', 'YYYY-MM-DD HH24:MI:SS'), '1', '0');

-- ----------------------------
-- Indexes structure for table SYS_ITEMS
-- ----------------------------

-- ----------------------------
-- Checks structure for table SYS_ITEMS
-- ----------------------------
ALTER TABLE "DTSMANAGE"."SYS_ITEMS" ADD CHECK ("F_ID" IS NOT NULL);
ALTER TABLE "DTSMANAGE"."SYS_ITEMS" ADD CHECK ("F_ID" IS NOT NULL);

-- ----------------------------
-- Primary Key structure for table SYS_ITEMS
-- ----------------------------
ALTER TABLE "DTSMANAGE"."SYS_ITEMS" ADD PRIMARY KEY ("F_ID");

-- ----------------------------
-- Indexes structure for table SYS_ITEMSDETAIL
-- ----------------------------

-- ----------------------------
-- Checks structure for table SYS_ITEMSDETAIL
-- ----------------------------
ALTER TABLE "DTSMANAGE"."SYS_ITEMSDETAIL" ADD CHECK ("F_ID" IS NOT NULL);
ALTER TABLE "DTSMANAGE"."SYS_ITEMSDETAIL" ADD CHECK ("F_ID" IS NOT NULL);

-- ----------------------------
-- Primary Key structure for table SYS_ITEMSDETAIL
-- ----------------------------
ALTER TABLE "DTSMANAGE"."SYS_ITEMSDETAIL" ADD PRIMARY KEY ("F_ID");

-- ----------------------------
-- Indexes structure for table SYS_LOG
-- ----------------------------

-- ----------------------------
-- Checks structure for table SYS_LOG
-- ----------------------------
ALTER TABLE "DTSMANAGE"."SYS_LOG" ADD CHECK ("F_ID" IS NOT NULL);

-- ----------------------------
-- Primary Key structure for table SYS_LOG
-- ----------------------------
ALTER TABLE "DTSMANAGE"."SYS_LOG" ADD PRIMARY KEY ("F_ID");

-- ----------------------------
-- Indexes structure for table SYS_ORGANIZE
-- ----------------------------

-- ----------------------------
-- Checks structure for table SYS_ORGANIZE
-- ----------------------------
ALTER TABLE "DTSMANAGE"."SYS_ORGANIZE" ADD CHECK ("F_ID" IS NOT NULL);
ALTER TABLE "DTSMANAGE"."SYS_ORGANIZE" ADD CHECK ("F_ID" IS NOT NULL);

-- ----------------------------
-- Primary Key structure for table SYS_ORGANIZE
-- ----------------------------
ALTER TABLE "DTSMANAGE"."SYS_ORGANIZE" ADD PRIMARY KEY ("F_ID");

-- ----------------------------
-- Indexes structure for table SYS_PERMISSION
-- ----------------------------

-- ----------------------------
-- Checks structure for table SYS_PERMISSION
-- ----------------------------
ALTER TABLE "DTSMANAGE"."SYS_PERMISSION" ADD CHECK ("F_ID" IS NOT NULL);
ALTER TABLE "DTSMANAGE"."SYS_PERMISSION" ADD CHECK ("F_ID" IS NOT NULL);

-- ----------------------------
-- Primary Key structure for table SYS_PERMISSION
-- ----------------------------
ALTER TABLE "DTSMANAGE"."SYS_PERMISSION" ADD PRIMARY KEY ("F_ID");

-- ----------------------------
-- Indexes structure for table SYS_ROLE
-- ----------------------------

-- ----------------------------
-- Checks structure for table SYS_ROLE
-- ----------------------------
ALTER TABLE "DTSMANAGE"."SYS_ROLE" ADD CHECK ("F_ID" IS NOT NULL);
ALTER TABLE "DTSMANAGE"."SYS_ROLE" ADD CHECK ("F_ID" IS NOT NULL);

-- ----------------------------
-- Primary Key structure for table SYS_ROLE
-- ----------------------------
ALTER TABLE "DTSMANAGE"."SYS_ROLE" ADD PRIMARY KEY ("F_ID");

-- ----------------------------
-- Indexes structure for table SYS_ROLEPERMISSION
-- ----------------------------

-- ----------------------------
-- Checks structure for table SYS_ROLEPERMISSION
-- ----------------------------
ALTER TABLE "DTSMANAGE"."SYS_ROLEPERMISSION" ADD CHECK ("F_ID" IS NOT NULL);

-- ----------------------------
-- Primary Key structure for table SYS_ROLEPERMISSION
-- ----------------------------
ALTER TABLE "DTSMANAGE"."SYS_ROLEPERMISSION" ADD PRIMARY KEY ("F_ID");

-- ----------------------------
-- Indexes structure for table SYS_ROLESOURCE
-- ----------------------------

-- ----------------------------
-- Checks structure for table SYS_ROLESOURCE
-- ----------------------------
ALTER TABLE "DTSMANAGE"."SYS_ROLESOURCE" ADD CHECK ("F_ID" IS NOT NULL);
ALTER TABLE "DTSMANAGE"."SYS_ROLESOURCE" ADD CHECK ("F_ID" IS NOT NULL);

-- ----------------------------
-- Primary Key structure for table SYS_ROLESOURCE
-- ----------------------------
ALTER TABLE "DTSMANAGE"."SYS_ROLESOURCE" ADD PRIMARY KEY ("F_ID");

-- ----------------------------
-- Indexes structure for table SYS_TEMPLATE
-- ----------------------------

-- ----------------------------
-- Checks structure for table SYS_TEMPLATE
-- ----------------------------
ALTER TABLE "DTSMANAGE"."SYS_TEMPLATE" ADD CHECK ("F_ID" IS NOT NULL);

-- ----------------------------
-- Primary Key structure for table SYS_TEMPLATE
-- ----------------------------
ALTER TABLE "DTSMANAGE"."SYS_TEMPLATE" ADD PRIMARY KEY ("F_ID");

-- ----------------------------
-- Indexes structure for table SYS_TEMPLATEDETAIL
-- ----------------------------

-- ----------------------------
-- Checks structure for table SYS_TEMPLATEDETAIL
-- ----------------------------
ALTER TABLE "DTSMANAGE"."SYS_TEMPLATEDETAIL" ADD CHECK ("F_ID" IS NOT NULL);

-- ----------------------------
-- Primary Key structure for table SYS_TEMPLATEDETAIL
-- ----------------------------
ALTER TABLE "DTSMANAGE"."SYS_TEMPLATEDETAIL" ADD PRIMARY KEY ("F_ID");

-- ----------------------------
-- Indexes structure for table SYS_TEMPLATEPERSSION
-- ----------------------------

-- ----------------------------
-- Checks structure for table SYS_TEMPLATEPERSSION
-- ----------------------------
ALTER TABLE "DTSMANAGE"."SYS_TEMPLATEPERSSION" ADD CHECK ("F_ID" IS NOT NULL);

-- ----------------------------
-- Primary Key structure for table SYS_TEMPLATEPERSSION
-- ----------------------------
ALTER TABLE "DTSMANAGE"."SYS_TEMPLATEPERSSION" ADD PRIMARY KEY ("F_ID");

-- ----------------------------
-- Indexes structure for table SYS_USER
-- ----------------------------

-- ----------------------------
-- Checks structure for table SYS_USER
-- ----------------------------
ALTER TABLE "DTSMANAGE"."SYS_USER" ADD CHECK ("F_ID" IS NOT NULL);
ALTER TABLE "DTSMANAGE"."SYS_USER" ADD CHECK ("F_ID" IS NOT NULL);

-- ----------------------------
-- Primary Key structure for table SYS_USER
-- ----------------------------
ALTER TABLE "DTSMANAGE"."SYS_USER" ADD PRIMARY KEY ("F_ID");

-- ----------------------------
-- Indexes structure for table SYS_USERROLE
-- ----------------------------

-- ----------------------------
-- Checks structure for table SYS_USERROLE
-- ----------------------------
ALTER TABLE "DTSMANAGE"."SYS_USERROLE" ADD CHECK ("F_ID" IS NOT NULL);
ALTER TABLE "DTSMANAGE"."SYS_USERROLE" ADD CHECK ("F_ID" IS NOT NULL);

-- ----------------------------
-- Primary Key structure for table SYS_USERROLE
-- ----------------------------
ALTER TABLE "DTSMANAGE"."SYS_USERROLE" ADD PRIMARY KEY ("F_ID");
